Titre,Date
Star Realms Deluxe Nova Collection,Novembre 2020
Arco,Juin 2021
Time at sandrock,Novembre 2021
Reventure: Orbtale,DÃ©cembre 2021
Not Enough Mana,Janvier 2022
Runes of Zun: Year One Collection,FÃ©vrier 2022
Dangerous Destinations,FÃ©vrier 2022
Heroes Of Barcadia,Mars 2022
Mage Noir,Mai 2022
7th Citadel,Mai 2022
Clash of Decks: Season 2,Mai 2022
Fanged Fables: Vampire Quick-adventures for D&D 5e,Mai 2022
Binding Of Isaac Requiem,Juin 2022
UND1C1 | The best soccer board game ever,Juin 2022
Deadlands,2e semestre 2022
Lost Empires,Juillet 2022
Make 100: Subsistence card game,Juillet 2022
Colostle - The Roomlands,AoÃ»t 2022
Chocoloco,AoÃ»t 2022
Eiyuden Chronicle: Hundred Heroes,Octobre 2022
Planeswalkers Playmats by Aleksi Briclot ðŸ§™,DÃ©cembre 2022
The Herbal Journal of Cicely Longbottom,DÃ©cembre 2022
Sentinels of the Multiverse â€” Rook City Renegades Expansion,Janvier 2023
Tempest: A Seafarers Sourcebook,Janvier 2023
The Academic 133+ XL,FÃ©vrier 2023
Casting Shadows,Mars 2023
Mercurial,Mai 2023
Feralis: Obscure Land,Mai 2023
Iconoclash,Juin 2023
